Workbook
Name __mth2: [1]Adm!$G$31

Sheet 初语货表
A1: 款号 | B1: 类目 | C1: 日常价 | D1: 达播价 | E1: 佣金 | F1: 颜色 | G1: 材质
A2: 8613041 | B2: 针织衫 | C2: 179 | D2: 159 | E2: 20% | F2: 黑色,灰色 | G2: 50.8%粘纤 29.8%聚酯纤维 19.4%锦纶
A3: 8633052 | B3: 针织衫 | C3: 169 | D3: 149 | E3: 20% | F3: 深灰色 | G3: 0
A4: 8633013 | B4: 针织衫 | C4: 229 | D4: 209 | E4: 20% | F4: 薄荷绿,灰色,蓝色 | G4: 40.8%粘纤 34.1%锦纶 25.1%聚酯纤维
A5: 8613049 | B5: 针织衫 | C5: 169 | D5: 149 | E5: 20% | F5: 藏青间条,橄榄绿,灰色 | G5: 面料：29.2%聚酯纤维 25.9%腈纶 23.3%粘纤 21.6%锦纶
A6: 8633040 | B6: 针织衫 | C6: 199 | D6: 179 | E6: 20% | F6: 灰色,克莱因蓝 | G6: 44.8%锦纶 34.7%粘纤 20.5%聚酯纤维
A7: 8633018 | B7: 针织衫 | C7: 199 | D7: 169 | E7: 20% | F7: 粉色,克莱因蓝 | G7: 37.6%聚酯纤维 36.7%腈纶 21.2%锦纶 4.5%绵羊毛
A8: 8623029 | B8: 针织衫 | C8: 179 | D8: 149 | E8: 20% | F8: 天蓝色 | G8: 天蓝色：83.0%粘纤 17.0%聚酯纤维 浅粉色/米白色：84.6%再生纤维素纤维 15.4%聚酯纤维
A9: 8633046 | B9: 针织衫 | C9: 169 | D9: 149 | E9: 20% | F9: 淡粉色,淡蓝色 | G9: 0
A10: 8633051 | B10: 针织衫 | C10: 169 | D10: 149 | E10: 20% | F10: 黄绿条纹,咖色条纹 | G10: 0
A11: KB8633069 | B11: 针织衫 | C11: 189 | D11: 169 | E11: 20% | F11: 芥末绿,米白色 | G11: 0
A12: 8623043 | B12: 针织衫 | C12: 159 | D12: 139 | E12: 20% | F12: 浅蓝色,水粉色 | G12: 面料：86.0%粘纤 14.0%聚酯纤维
A13: 8633064 | B13: 针织衫 | C13: 169 | D13: 149 | E13: 20% | F13: 米白间条,深宝蓝间条 | G13: 0
A14: 8623110 | B14: 针织衫 | C14: 179 | D14: 129 | E14: 20% | F14: 灰紫色,蓝橙色 | G14: 82.0%再生纤维素纤维 18.0%锦纶
A15: 8623069 | B15: 针织衫 | C15: 179 | D15: 139 | E15: 20% | F15: 白色,红色,蓝色,绿色 | G15: 66.0%粘纤 34.0%锦纶
A16: 8623070 | B16: 针织衫 | C16: 189 | D16: 129 | E16: 20% | F16: 藏青色,鹅黄色,蓝色 | G16: 69.3%粘纤 30.7%锦纶
A17: 8623073 | B17: 针织衫 | C17: 159 | D17: 139 | E17: 20% | F17: 红色,蓝色,米白色 | G17: 83.5%莱赛尔 16.5%锦纶
A18: 8623089 | B18: 针织衫 | C18: 159 | D18: 109 | E18: 20% | F18: 粉黄色,粉蓝色,粉色 | G18: 82.4%粘纤 17.6%锦纶
A19: 8623017 | B19: 针织衫 | C19: 189 | D19: 109 | E19: 20% | F19: 深花灰,天蓝色 | G19: 67.5%粘纤 19.5%锦纶 13.0%聚酯纤维
A20: KB8633028 | B20: 针织衫 | C20: 159 | D20: 129 | E20: 20% | F20: 淡绿色,米白色,天蓝色 | G20: 86.8%再生纤维素纤维 13.2%聚酯纤维
A21: 8623045 | B21: 针织衫 | C21: 169 | D21: 139 | E21: 20% | F21: 艾绿色,黑色,米白色,浅蓝色 | G21: 56.9%腈纶 31.2%莱赛尔 11.9%亚麻 黑色:53.4%腈纶 36.7%莱赛尔 9.9%亚麻
A22: 8623042 | B22: 针织衫 | C22: 179 | D22: 149 | E22: 20% | F22: 藏青色,米杏色,浅粉色 | G22: 89.3%莱赛尔 10.7%锦纶
A23: 8523068 | B23: 针织衫 | C23: 139 | D23: 139 | E23: 20% | F23: 天蓝色、米杏色、深蓝色 | G23: 100%棉
A24: 8623014 | B24: 针织衫 | C24: 199 | D24: 149 | E24: 20% | F24: 藏青色,米白色,星钻蓝 | G24: 59.1%聚酯纤维 40.9%粘纤
A25: 8623087 | B25: 针织衫 | C25: 169 | D25: 129 | E25: 20% | F25: 艾绿色,藏青,灰色 | G25: 藏青 艾绿色：82.8%粘纤 17.2%锦纶 灰色：81.8%再生纤维素纤维 18.2%锦纶
A26: 8523015 | B26: 针织衫 | C26: 209 | D26: 99 | E26: 20% | F26: 100%粘纤 | G26: 黑色、米白色、安可拉红
A27: 8627029 | B27: 休闲裤 | C27: 159 | D27: 139 | E27: 20% | F27: 黑色-常规版,黑色-娇小版,深灰色-常规版,深灰色-娇小版 | G27: 主料：97.7%聚酯纤维 2.3%氨纶
A28: 8617006 | B28: 休闲裤 | C28: 189 | D28: 159 | E28: 20% | F28: 白色,黑色,卡其色 | G28: 面料：100%聚酯纤维
A29: 8627035 | B29: 休闲裤 | C29: 169 | D29: 149 | E29: 20% | F29: 黑色,米白色,暮云灰 | G29: 面料：49.7%棉 42.9%聚酯纤维 7.4%氨纶
A30: 8627047 | B30: 休闲裤 | C30: 179 | D30: 159 | E30: 20% | F30: 白色,浅灰色 | G30: 主料：100%聚酯纤维
A31: 8637007 | B31: 休闲裤 | C31: 199 | D31: 179 | E31: 20% | F31: 安可拉红,白色 | G31: 主料：100%聚酯纤维
A32: 8637006 | B32: 休闲裤 | C32: 199 | D32: 179 | E32: 20% | F32: 暗橙色,驼黄色 | G32: 主料：100%聚酯纤维
... A35: 8627034 | B35: 休闲裤 | C35: 179 | D35: 149 | E35: 20% | F35: 米白色,深卡其 | G35: 主料：71.1%聚酯纤维 28.9%锦纶
A36: 8627021 | B36: 休闲裤 | C36: 229 | D36: 159 | E36: 20% | F36: 橄榄绿,米杏色,天蓝色
A37: 8527028 | B37: 休闲裤 | C37: 189 | D37: 159 | E37: 20% | F37: 浅米杏、深宝蓝 | G37: 46.0%莱赛尔 38.7%粘纤 8.9%锦纶 6.4%亚麻
A38: 8617004 | B38: 休闲裤 | C38: 179 | D38: 129 | E38: 20% | F38: 白色,黑色,克莱因蓝 | G38: 0
A39: 8630008 | B39: 休闲裤 | C39: 229 | D39: 209 | E39: 20% | F39: 黑色 | G39: 面料：100%粘纤(涂层除外) 里料：100%聚酯纤维
A40: 8637012 | B40: 休闲裤 | C40: 189 | D40: 169 | E40: 20% | F40: 卡其色,深咖色 | G40: 主料：100%棉
A41: 8634003 | B41: 卫衣 | C41: 189 | D41: 169 | E41: 20% | F41: 黑色,枣红色 | G41: 主料：84.6%棉 15.4%聚酯纤维
A42: 8634025 | B42: 卫衣 | C42: 229 | D42: 209 | E42: 20% | F42: 深咖色 | G42: 主料：面层： 64.5%棉 35.5%聚酯纤维(含胶)底层： 100%聚酯纤维 印花料：74.6%莱赛尔 25.4%锦纶
A43: 8634029 | B43: 卫衣 | C43: 199 | D43: 179 | E43: 20% | F43: 花灰色,桔色 | G43: 0
A44: 8634009 | B44: 卫衣 | C44: 199 | D44: 179 | E44: 20% | F44: 浅花灰色 | G44: 主料：85.0%棉 15.0%聚酯纤维 袖子：87.6%棉 12.4%锦纶
A45: 8634004 | B45: 卫衣 | C45: 189 | D45: 169 | E45: 20% | F45: 花灰色,柠檬黄 | G45: 主料：面层：59.2%棉 40.8%聚酯纤维(含胶) 底层：100%聚酯纤维
A46: 8634010 | B46: 卫衣 | C46: 189 | D46: 169 | E46: 20% | F46: 花灰色 | G46: 主料：面层：59.2%棉 40.8%聚酯纤维(含胶) 底层：100%聚酯纤维
A47: 8614013 | B47: 卫衣 | C47: 159 | D47: 139 | E47: 20% | F47: 安可拉红,黑色,花灰色,银花灰 | G47: 面料：面层： 59.0%棉 41.0%聚酯纤维(含胶)底层： 100%聚酯纤维
A48: 8634011 | B48: 卫衣 | C48: 189 | D48: 169 | E48: 20% | F48: 火龙果色,杏花灰 | G48: 主料：面层：59.2%棉 40.8%聚酯纤维(含胶) 底层：100%聚酯纤维
A49: 8634012 | B49: 卫衣 | C49: 199 | D49: 179 | E49: 20% | F49: 桔色,杏花灰 | G49: 主料：面层：59.2%棉 40.8%聚酯纤维(含胶) 底层：100%聚酯纤维
A50: 8635009 | B50: 外套 上衣 | C50: 199 | D50: 179 | E50: 20% | F50: 花灰色,浅米杏,深藏青 | G50: 主料：面层：60.8%棉 39.2%聚酯纤维(含胶) 底层：100%聚酯纤维
A51: 8635017 | B51: 外套 上衣 | C51: 269 | D51: 249 | E51: 20% | F51: 深花灰 | G51: 主料：面层：59.2%棉 40.8%聚酯纤维(含胶) 底层：100%聚酯纤维
A52: 8615014 | B52: 外套 上衣 | C52: 299 | D52: 279 | E52: 20% | F52: 复古蓝 | G52: 75.7%棉 15.1%再生纤维素纤维 9.2%聚酯纤维
A53: 8615002 | B53: 外套 上衣 | C53: 369 | D53: 349 | E53: 20% | F53: 青绿色,檀粉色 | G53: 青绿色主料：61.1%聚酯纤维 38.9%粘纤 里料：100%聚酯纤维 檀粉色主料：60.0%聚酯纤维 40.0%再生纤维素纤维 里料：100%聚酯纤维
A54: 8635006 | B54: 外套 上衣 | C54: 379 | D54: 359 | E54: 20% | F54: 丝光棕,樱花粉 | G54: 主料：面层： 96.7%聚酯纤维 3.3%氨纶(含胶) 底层： 100%聚酯纤维 里料：100%聚酯纤维
A55: 8635020 | B55: 外套 上衣 | C55: 419 | D55: 399 | E55: 20% | F55: 深棕色 | G55: 主料：100%粘纤（涂层除外） 里料：100%聚酯纤维
... A73: 8558012 | B73: 牛仔裤 | C73: 289 | D73: 259 | E73: 20% | F73: 复古蓝-常规版,复古蓝-娇小版,浅蓝色-常规版,浅蓝色-娇小版 | G73: 99.0%棉 1.0%其他纤维
A74: 8658020 | B74: 牛仔裤 | C74: 0 | D74: 269 | E74: 20% | F74: 0 | G74: 0
A75: 8658019 | B75: 牛仔裤 | C75: 0 | D75: 229 | E75: 20% | F75: 0 | G75: 0
A76: 8658023 | B76: 牛仔裤 | C76: 289 | D76: 259 | E76: 20% | F76: 琥珀复古蓝-常规版,琥珀复古蓝-娇小版,浅蓝色-常规版,浅蓝色-娇小版,深蓝色-常规版,深蓝色-娇小版 | G76: 琥珀复古蓝/深蓝色/浅蓝色主料：80.7%棉 10.4%再生纤维素纤维 8.9%聚酯纤维
A77: 8558007 | B77: 牛仔裤 | C77: 379 | D77: 229 | E77: 20% | F77: 中蓝色-常规版、复古蓝-常规版、幕空怀旧蓝-娇小版、幕空怀旧蓝-常规版、星空中蓝-娇小版、星空中蓝-常规版、炭黑色-常规版、熔岩炭黑-娇小版、熔岩炭黑-常规版、雪山浮白-娇小版、雪山浮白-常规版 | G77: 炭黑色 中蓝色 中蓝色：99.0%棉 1.0%氨纶 白色：99.0%棉 1.0%氨纶
A78: 8558013 | B78: 牛仔裤 | C78: 259 | D78: 239 | E78: 20% | F78: 复古蓝-常规版,复古蓝-娇小版,复古棕-常规版,复古棕-娇小版 | G78: 复古棕 复古蓝10.22号更改：52.7%棉 27.0%聚酯纤维 18.3%再生纤维素纤维 1.2%氨纶 0.8%亚麻 ZD251100123/ZD251100127复古蓝：66.1%棉 27.1%聚酯纤维 2.5%再生纤维素纤维 2.4%亚麻 1.9%氨纶
A79: 8658016 | B79: 牛仔裤 | C79: 279 | D79: 259 | E79: 20% | F79: 复古蓝-常规版,复古蓝-娇小版,牛仔蓝-常规版,牛仔蓝-娇小版,浅蓝色-常规版,浅蓝色-娇小版 | G79: 99.0%棉 1.0%氨纶
A80: 8528091 | B80: 牛仔裤 | C80: 299 | D80: 219 | E80: 20% | F80: 卡其腰果花、破洞复古色、绿绒蒿满印、杏底豹纹 | G80: 100%棉
A81: 8628059 | B81: 牛仔裤 | C81: 289 | D81: 259 | E81: 20% | F81: 牛仔蓝-常规版,牛仔蓝-娇小版,浅蓝色-常规版,浅蓝色-娇小版 | G81: 主料：100%棉
A82: 8628058 | B82: 牛仔裤 | C82: 279 | D82: 239 | E82: 20% | F82: 白色-常规版,白色-娇小版,灰色-常规版,灰色-娇小版,浅蓝色-常规版,浅蓝色-娇小版 | G82: 浅蓝色：79.8%棉 10.1%聚酯纤维 10.1%再生纤维素纤维 灰色：72.9%棉 19.8%再生纤维素纤维 7.3%聚酯纤维 白色：69.7%棉 30.3%莱赛尔
A83: 8628053 | B83: 牛仔裤 | C83: 299 | D83: 269 | E83: 20% | F83: 浅蓝色-常规版,浅蓝色-娇小版 | G83: 主料：85.3%棉 9.1%聚酯纤维 5.6%再生纤维素纤维
A84: 8658029 | B84: 牛仔裤 | C84: 339 | D84: 319 | E84: 20% | F84: 复古蓝-常规版,复古蓝-娇小版 | G84: 主料：99.4%棉 0.6%氨纶
A85: 8658030 | B85: 牛仔裤 | C85: 269 | D85: 229 | E85: 20% | F85: 银河浅蓝-常规版,银河浅蓝-娇小版 | G85: 主料：100%棉
A86: 8628015 | B86: 牛仔裤 | C86: 239 | D86: 219 | E86: 20% | F86: 复古蓝,浅蓝色 | G86: 主料：92.7%棉 7.3%其他纤维
A87: 8625005 | B87: 马夹 | C87: 259 | D87: 199 | E87: 20% | F87: 牛仔蓝 | G87: 100%棉
A88: 8635003 | B88: 马夹 | C88: 229 | D88: 209 | E88: 20% | F88: 檀粉色 | G88: 主料：59.7%聚酯纤维 40.3%粘纤 里料：100%聚酯纤维
A89: 8635019 | B89: 马夹 | C89: 279 | D89: 259 | E89: 20% | F89: 棕绿色 | G89: 主料：面层：80.5%聚酯纤维 19.5%粘纤(含胶) 底层：100%聚酯纤维 里料：100%聚酯纤维
... A94: 8625004 | B94: 马夹 | C94: 229 | D94: 189 | E94: 20% | F94: 海盐蓝 | G94: 100%棉
A95: 8529073 | B95: 连衣裙 | C95: 309 | D95: 129 | E95: 15% | F95: 花灰色、藏青色 | G95: 面料：64.7%棉 35.3%聚酯纤维
A96: 8519016 | B96: 连衣裙 | C96: 139 | D96: 99 | E96: 20% | F96: 深碳灰、浅灰杏 | G96: 上半身：91.3%棉 8.7%氨纶 下半身：69.6%聚酯纤维 30.4%锦纶
A97: 8629040 | B97: 连衣裙 | C97: 259 | D97: 199 | E97: 20% | F97: 米白色,天蓝色 | G97: 主料：81.8%粘纤 15.2%锦纶 3.0%亚麻 里料：100%聚酯纤维
A98: 8629108 | B98: 连衣裙 | C98: 269 | D98: 199 | E98: 20% | F98: 米杏色,浅蓝色 | G98: 主料：68.0%棉 32.0%锦纶 拼料：100%聚酯纤维 里料：96.7%聚酯纤维 3.3%氨纶
A99: 8529039 | B99: 连衣裙 | C99: 189 | D99: 169 | E99: 20% | F99: 天空蓝、玫红色、浅黄色 | G99: 主料：69.6%聚酯纤维 30.4%锦纶 下摆：100%聚酯纤维 里料：100%聚酯纤维
A100: 8529067 | B100: 连衣裙 | C100: 229 | D100: 139 | E100: 20% | F100: 天蓝色、浅咖色 | G100: 主料：53.8%棉 46.2%莱赛尔 拼料：54.3%棉 45.7%莱赛尔
A101: 8629078 | B101: 连衣裙 | C101: 259 | D101: 179 | E101: 20% | F101: 白色,浅蓝色 | G101: 白色：主料：51.4%莱赛尔 26.8%醋纤 21.8%聚酯纤维 里料：96.7%聚酯纤维 3.3%氨纶 浅蓝色：主料：72.7%莱赛尔 27.3%锦纶 里料：96.7%聚酯纤维 3.3%氨纶
A102: 8629053 | B102: 连衣裙 | C102: 299 | D102: 249 | E102: 20% | F102: 奶杏色,浅蓝色
A103: 8639004 | B103: 连衣裙 | C103: 309 | D103: 289 | E103: 20% | F103: 枫叶棕,腰果花 | G103: 主料：100%聚酯纤维 里料：96.6%聚酯纤维 3.4%氨纶
A104: 8639001 | B104: 连衣裙 | C104: 289 | D104: 269 | E104: 20% | F104: 藏青格 | G104: 主料：93.6%聚酯纤维 6.4%氨纶 里料：100%聚酯纤维
A105: 8629005 | B105: 连衣裙 | C105: 499 | D105: 259 | E105: 20%
A106: 8629111 | B106: 连衣裙 | C106: 219 | D106: 199 | E106: 20% | F106: 黑白格,浅蓝格 | G106: 主料：100%聚酯纤维 里料：100%聚酯纤维
A107: 8629057 | B107: 连衣裙 | C107: 289 | D107: 199 | E107: 20% | F107: 橙黄花 | G107: 主料：84.6%粘纤 15.4%锦纶 里料：100%聚酯纤维
A108: 8629140 | B108: 连衣裙 | C108: 259 | D108: 159 | E108: 20% | F108: 浅绿波点 | G108: 主料：83.2%莱赛尔 16.8%锦纶(含微量其他纤维；含胶) 里料：100%聚酯纤维
A109: 8629130 | B109: 连衣裙 | C109: 189 | D109: 139 | E109: 20% | F109: 红色碎花,蓝色碎花 | G109: 主料：99.4%聚酯纤维 0.6%氨纶 里料：100%聚酯纤维
A110: 8629135 | B110: 连衣裙 | C110: 229 | D110: 129 | E110: 20% | F110: 红底白花 | G110: 面料：100%聚酯纤维 里料：100%聚酯纤维
A111: 8629131 | B111: 连衣裙 | C111: 259 | D111: 199 | E111: 20% | F111: 红色碎花 | G111: 主料： 99.0%聚酯纤维 1.0%氨纶 里料： 100%聚酯纤维
A112: 8629128 | B112: 连衣裙 | C112: 189 | D112: 139 | E112: 20% | F112: 黑底蓝花 | G112: 面料：100%聚酯纤维
A113: 8629012 | B113: 连衣裙 | C113: 209 | D113: 119 | E113: 15% | F113: 黑底碎花,红底白花 | G113: 面料：100%聚酯纤维 里料：100%聚酯纤维
A114: 8629123 | B114: 连衣裙 | C114: 269 | D114: 139 | E114: 20% | F114: 油画粉绿 | G114: 主料：100%聚酯纤维 里料：100%聚酯纤维
A115: 8639003 | B115: 连衣裙 | C115: 289 | D115: 269 | E115: 20% | F115: 藏青色,卡其绿 | G115: 主料：71.3%粘纤 28.7%锦纶
A116: 8629003 | B116: 连衣裙 | C116: 0 | D116: 199 | E116: 20% | F116: 0 | G116: 0
A117: 8620089 | B117: 吊带 背心 | C117: 159 | D117: 99 | E117: 20% | F117: 黑白格子,绿格 | G117: 主料/里料：100%聚酯纤维
A118: 8620096 | B118: 吊带 背心 | C118: 109 | D118: 89 | E118: 20% | F118: 米白色,秋黄色,月光蓝 | G118: 82.9%粘纤 17.1%锦纶
A119: 8620018 | B119: 吊带 背心 | C119: 0 | D119: 59 | E119: 20% | F119: 0 | G119: 0
A120: 8635015 | B120: 衬衣 | C120: 289 | D120: 269 | E120: 20% | F120: 夜幕中古蓝 | G120: 面料：90.8%棉 9.2%莱赛尔
A121: 8620025 | B121: 吊带 背心 | C121: 159 | D121: 79 | E121: 20% | F121: 0 | G121: 主料：61.9%聚酯纤维 38.1%棉 里料：100%聚酯纤维
A122: 8632011 | B122: 衬衣 | C122: 199 | D122: 179 | E122: 20% | F122: 宝蓝条纹 | G122: 53.9%聚酯纤维 40.7%棉 5.4%粘纤
A123: 8622002 | B123: 衬衣 | C123: 209 | D123: 179 | E123: 20% | F123: 0 | G123: 61.9%聚酯纤维 38.1%棉
...

Sheet 茵曼货表
A1: 款号 | B1: 类目 | C1: 日常价 | D1: 达播价 | E1: 佣金 | F1: 颜色 | G1: 材质
A2: 28628324 | B2: 配件 | C2: 59 | D2: 39 | E2: 0.2 | F2: 天蓝色、浅咖色、米白色、绿色、黄色 | G2: 100%粘纤 规格：100cm*42cm | H2: =MATCH(A2,[4]茵曼库存!$A:$A,0) -> 2
A3: 18625120 | B3: 针织衫 | C3: 229 | D3: 129 | E3: 0.2 | F3: 咖色、宝蓝色 | G3: 面料：62.5%粘纤 37.5%锦纶 | H3: =MATCH(A3,[4]茵曼库存!$A:$A,0) -> 3
A4: 18525140H1 | B4: 针织衫 | C4: 179 | D4: 129 | E4: 0.2 | F4: 多色 | H4: =MATCH(A4,[4]茵曼库存!$A:$A,0) -> 4
A5: F18627944 | B5: 针织衫 | C5: 199 | D5: 129 | E5: 0.2 | F5: 米杏色 | G5: 面料：66.6%粘纤 33.4%聚酯纤维 | H5: =MATCH(A5,[4]茵曼库存!$A:$A,0) -> 5
A6: W18618743 | B6: 针织衫 | C6: 259 | D6: 149 | E6: 0.2 | F6: 天空蓝、浅米黄 | G6: 面料：41.4%聚酯纤维 29.6%锦纶 29.0%粘纤 | H6: =MATCH(A6,[4]茵曼库存!$A:$A,0) -> 6
A7: 18528632 | B7: 针织衫 | C7: 239 | D7: 169 | E7: 0.2 | F7: 杏色 | G7: 面料：100%腈纶 | H7: =MATCH(A7,[4]茵曼库存!$A:$A,0) -> 7
A8: W18525322 | B8: 针织衫 | C8: 299 | D8: 169 | E8: 0.2 | F8: 星空蓝 | G8: 面料：75.0%聚酯纤维（含聚酯薄膜纤维） 18.5%粘纤 6.5%锦纶 | H8: =MATCH(A8,[4]茵曼库存!$A:$A,0) -> 8
A9: 18424047 | B9: 针织衫 | C9: 199 | D9: 139 | E9: 0.2 | F9: 蓝色、藕粉色 | G9: 面料：46.2%聚酯纤维 30.6%粘纤 23.2%锦纶 | H9: =MATCH(A9,[4]茵曼库存!$A:$A,0) -> 9
A10: D18628693 | B10: 针织衫 | C10: 169 | D10: 149 | E10: 0.2 | F10: 黄色、灰色、绿色、杏色、粉色 | G10: 38.9%再生纤维素纤维31.5%锦纶21.3%腈纶8.3%亚麻 | H10: =MATCH(A10,[4]茵曼库存!$A:$A,0) -> 11
A11: D18628827 | B11: 针织衫 | C11: 169 | D11: 149 | E11: 0.2 | F11: 黄色、灰色、粉色 | G11: 57.4%再生纤维素纤维 30.7%腈纶 11.9%亚麻 | H11: =MATCH(A11,[4]茵曼库存!$A:$A,0) -> 12
A12: D18628603 | B12: 针织衫 | C12: 179 | D12: 159 | E12: 0.2 | F12: 蓝色、杏色、豆绿 | G12: 69.1%粘纤30.9%锦纶 | H12: =MATCH(A12,[4]茵曼库存!$A:$A,0) -> 13
A13: D18628867 | B13: 针织衫 | C13: 169 | D13: 149 | E13: 0.2 | F13: 肉粉色 | G13: 外层：100%粘纤 内层：81.4%粘纤 18.6%锦纶 | H13: =MATCH(A13,[4]茵曼库存!$A:$A,0) -> 14
A14: D18628519 | B14: 针织衫 | C14: 169 | D14: 149 | E14: 0.2 | F14: 黄色、紫色、灰、粉色 | G14: 41.0%腈纶23.8%莱赛尔16.1%锦纶9.6%聚酯纤维9.5%亚麻 | H14: =MATCH(A14,[4]茵曼库存!$A:$A,0) -> 15
A15: D18618792 | B15: 针织衫 | C15: 169 | D15: 149 | E15: 0.2 | F15: 浅黄色、湖蓝色、大象灰 | G15: 100%棉 | H15: =MATCH(A15,[4]茵曼库存!$A:$A,0) -> 16
A16: D18628829 | B16: 针织衫 | C16: 159 | D16: 139 | E16: 0.2 | F16: 克莱因蓝 | G16: 72.6%粘纤27.4%聚酯纤维 | H16: =MATCH(A16,[4]茵曼库存!$A:$A,0) -> 17
A17: 1863001 | B17: 针织衫 | C17: 259 | D17: 179 | E17: 0.2 | F17: 浅紫色、宝蓝色、黄色、克莱因蓝 | G17: 黄色/宝蓝色/浅紫色 面料：31.6%聚酯纤维 31.4%腈纶 20.4%再生纤维素纤维 16.6%锦纶 (装饰部分除外) 克莱因蓝 面料：30.9%聚酯纤维 24.7%粘纤 24.4%腈纶 20.0%锦纶 (装饰部分除外) | H17: =MATCH(A17,[4]茵曼库存!$A:$A,0) -> 18
A18: 18637120 | B18: 针织衫 | C18: 199 | D18: 159.15 | E18: 0.2 | F18: 白黑条、黑白条纹 | G18: 黑白条纹 面料：57.9%聚酯纤维 20.3%腈纶 16.9%锦纶 4.9%绵羊毛 白黑条 面料：47.7%聚酯纤维 28.9%腈纶 18.6%锦纶 4.8%绵羊毛 | H18: =MATCH(A18,[4]茵曼库存!$A:$A,0) -> 19
A19: W18637061 | B19: 针织衫 | C19: 229 | D19: 149 | E19: 0.2 | F19: =VLOOKUP(A19,[2]Sheet1!$A:$G,7,FALSE) -> 贵族灰、米白色、燕麦色 | H19: =MATCH(A19,[4]茵曼库存!$A:$A,0) -> 20
A20: 18637207 | B20: 针织衫 | C20: 279 | D20: 199 | E20: 0.2 | F20: =VLOOKUP(A20,[2]Sheet1!$A:$G,7,FALSE) -> 藏青、黄色 | H20: =MATCH(A20,[4]茵曼库存!$A:$A,0) -> 21
A21: W18538192 | B21: 羊毛衫 | C21: 299 | D21: 199 | E21: 0.2 | F21: =VLOOKUP(A21,[2]Sheet1!$A:$G,7,FALSE) -> 米杏色、贵族灰、午夜黑、燕麦色、克莱因蓝 | G21: =MATCH(A21,[3]茵曼货表!$B:$B,0) -> #N/A | H21: =MATCH(A21,[4]茵曼库存!$A:$A,0) -> 22
A22: 18627629 | B22: 长袖衬衣 | C22: 239 | D22: 169 | E22: 0.2 | F22: 透气黄、珍珠白、薰衣草紫、冰川蓝、冰川粉 | G22: 面料：96.2%莱赛尔3.8%亚麻 | H22: =MATCH(A22,[4]茵曼库存!$A:$A,0) -> 23
A23: 18322228 | B23: 长袖衬衣 | C23: 229 | D23: 149 | E23: 0.2 | F23: 浅蓝色、浅绿色、丁香紫、鹅黄色、霜白色、薄荷绿、粉红色 | G23: 面料：84.4%莱赛尔15.6%聚酯纤维 | H23: =MATCH(A23,[4]茵曼库存!$A:$A,0) -> 24
A24: 18424138 | B24: 长袖衬衣 | C24: 239 | D24: 149 | E24: 0.2 | F24: 丁香粉清水绿 | G24: 面料： 84.5%莱赛尔 15.5%锦纶 | H24: =MATCH(A24,[4]茵曼库存!$A:$A,0) -> 25
A25: 18627948 | B25: 长袖衬衣 | C25: 347.5 | D25: 169 | E25: 0.2 | F25: 粉红色、香芋紫梦幻蓝 | G25: 面料：85.3%莱赛尔 14.7%聚酯纤维 | H25: =MATCH(A25,[4]茵曼库存!$A:$A,0) -> 26
A26: 18424160 | B26: 长袖衬衣 | C26: 219 | D26: 149 | E26: 0.2 | F26: 豆绿色\藕粉色、浅杏色 | G26: 面料：100%锦纶 | H26: =MATCH(A26,[4]茵曼库存!$A:$A,0) -> 27
A27: 18438094 | B27: 长袖衬衣 | C27: 179.9 | D27: 139 | E27: 0.2 | F27: 罗兰紫、珍珠白、卡其色、深酒红 | G27: 75.9% 棉 + 21% 锦纶 + 3.1% 氨纶，弹力舒适耐磨。修身版型显腿长，搭 T 恤休闲、配衬衫通勤，百搭实用！ | H27: =MATCH(A27,[4]茵曼库存!$A:$A,0) -> 28
A28: 18637636 | B28: 衬衣 | C28: 199 | D28: 139 | E28: 0.2 | F28: 浅紫色、皮粉色、珍珠白、水蓝色 | G28: 面料:63.8%聚酯纤维 36.2%棉 | H28: =MATCH(A28,[4]茵曼库存!$A:$A,0) -> 29
A29: 18637052 | B29: 衬衣 | C29: 219 | D29: 159 | E29: 0.2 | F29: 浅紫色、鹅黄色、海蓝色 | G29: 面料:100%棉 | H29: =MATCH(A29,[4]茵曼库存!$A:$A,0) -> 30
A30: 18637538 | B30: 衬衣 | C30: 239 | D30: 169 | E30: 0.2 | F30: 浅蓝色、米白色 | G30: 面料：100%棉 （花边除外） | H30: =MATCH(A30,[4]茵曼库存!$A:$A,0) -> 31
A31: 18637466 | B31: 衬衣 | C31: 239 | D31: 169 | E31: 0.2 | F31: 紫色、珍珠白 | G31: 面料：100%棉 （花边除外） | H31: =MATCH(A31,[4]茵曼库存!$A:$A,0) -> 32
A32: 18637480 | B32: 衬衣 | C32: 269 | D32: 179 | E32: 0.2 | F32: 浅蓝色、珍珠白 | G32: 面料：100%棉（花边除外） | H32: =MATCH(A32,[4]茵曼库存!$A:$A,0) -> 33
A33: 18637053 | B33: 衬衣 | C33: 259 | D33: 210.15 | E33: 0.2 | F33: 米杏色、釉蓝色 | G33: 面料:100%棉 | H33: =MATCH(A33,[4]茵曼库存!$A:$A,0) -> 34
A34: K18637810 | B34: 衬衣 | C34: 269 | D34: 189 | E34: 0.2 | F34: 米白色 | G34: 面料：底布：100%棉 绣花线：100%棉 领口花边：100%聚酯纤维 | H34: =MATCH(A34,[4]茵曼库存!$A:$A,0) -> 35
A35: W18637136 | B35: 衬衣 | C35: 299 | D35: 184.35 | E35: 0.2 | F35: 珍珠白 | G35: 面料/花边：100%棉 | H35: =MATCH(A35,[4]茵曼库存!$A:$A,0) -> 36
A36: 18637010 | B36: 衬衣 | C36: 279 | D36: 227.15 | E36: 0.2 | F36: 米白色 | G36: 面料：100%棉（花边除外） | H36: =MATCH(A36,[4]茵曼库存!$A:$A,0) -> 37
A37: K18637369 | B37: 衬衣 | C37: 269 | D37: -10 | E37: 0.2 | F37: 珍珠白、姜黄色 | G37: 面料：100%棉 （花边除外） | H37: =MATCH(A37,[4]茵曼库存!$A:$A,0) -> 38
A38: W18518278 | B38: 长袖衬衣 | C38: 269 | D38: 199 | E38: 0.2 | F38: 多色 | G38: 面料：100%棉 | H38: =MATCH(A38,[4]茵曼库存!$A:$A,0) -> 39
A39: 18618116 | B39: 长袖衬衣 | C39: 209 | D39: 159 | E39: 0.2 | F39: 多色 | G39: 面料：55.0%棉 45.0%莱赛尔 | H39: =MATCH(A39,[4]茵曼库存!$A:$A,0) -> 40
A40: 18625006 | B40: 长袖衬衣 | C40: 397.5 | D40: 149 | E40: 0.2 | F40: 盐白色、浅紫色 | G40: 浅水蓝/珍珠白/米白色/面料：100%棉（花边除外） 象牙白面料：56.5%棉 43.5%莱赛尔（花边除外） | H40: =MATCH(A40,[4]茵曼库存!$A:$A,0) -> 41
A41: 18538564 | B41: 长袖衬衣 | C41: 229 | D41: 139 | E41: 0.2 | F41: 象牙白、浅水蓝、米白色、珍珠白 | G41: 面料：100%棉 | H41: =MATCH(A41,[4]茵曼库存!$A:$A,0) -> 42
A42: 18637078 | B42: 长袖衬衣 | C42: 209 | D42: 139 | E42: 0.2 | F42: 米白色、海盐蓝 | H42: =MATCH(A42,[4]茵曼库存!$A:$A,0) -> 43
A43: 18518163H2 | B43: 长袖衬衣 | C43: 159 | D43: 129 | E43: 0.2 | F43: 天蓝色、宝石蓝、烟雾蓝、皮粉色、珍珠白、克莱因蓝、水蓝色 | G43: 珍珠白面料：82.0%聚酯纤维 18.0%棉 宝石蓝面料：89.3%聚酯纤维 10.7%棉 烟雾蓝/克莱因蓝/皮粉色/天蓝色/水蓝色面料：63.8%聚酯纤维 36.2%棉 | H43: =MATCH(A43,[4]茵曼库存!$A:$A,0) -> 44
A44: 18637648 | B44: 衬衣 | C44: 239 | D44: 159 | E44: 0.2 | F44: 珍珠白、藕粉色 | G44: 面料:100%棉 | H44: =MATCH(A44,[4]茵曼库存!$A:$A,0) -> 45
A45: 18637269 | B45: 衬衣 | C45: 279 | D45: 199 | E45: 0.2 | F45: 米杏色、浅米杏 | G45: 米杏色 面料：100%棉 浅米杏 面料/前幅里：100%棉 | H45: =MATCH(A45,[4]茵曼库存!$A:$A,0) -> 46
A46: 18637580 | B46: 裤子 | C46: 269 | D46: 179 | E46: 0.2 | F46: =VLOOKUP(A46,[2]Sheet1!$A:$G,7,FALSE) -> 米白色 | G46: =VLOOKUP(A46,[2]Sheet1!$A:$L,12,FALSE) -> 面料：面层：66.6%棉 33.4%聚酯纤维（含胶）底层：96.0%聚酯纤维 4.0%氨纶（含胶） | H46: =MATCH(A46,[4]茵曼库存!$A:$A,0) -> 47
A47: 18637184 | B47: 裤子 | C47: 229 | D47: 169 | E47: 0.2 | F47: 奶杏色、午夜黑、深灰色 | G47: 奶杏色/深灰色 面料：面层：98.6%聚酯纤维 1.4%氨纶 底层：87.0%聚酯纤维 13.0%粘纤 午夜黑 面料：面层：98.6%聚酯纤维 1.4%氨纶 底层：94.5%聚酯纤维 5.5%氨纶 | H47: =MATCH(A47,[4]茵曼库存!$A:$A,0) -> 48
A48: 18637068 | B48: 裤子 | C48: 279 | D48: 199.25 | E48: 0.2 | F48: 宝蓝格、杏咖格 | G48: 面料:84.0%聚酯纤维 13.9%粘纤 2.1%氨纶 | H48: =MATCH(A48,[4]茵曼库存!$A:$A,0) -> 49
A49: 18538094 | B49: 外套 上衣 | C49: 349 | D49: 239 | E49: 0.2 | F49: 棕色、复古绿、复古红、奶杏色、梨花杏 | G49: 面料：100%棉 | H49: =MATCH(A49,[4]茵曼库存!$A:$A,0) -> 50
A50: K18637469 | B50: 外套 上衣 | C50: 369 | D50: 249 | E50: 0.2 | F50: =VLOOKUP(A50,[2]Sheet1!$A:$G,7,FALSE) -> 复古红、宝蓝色、梨花杏 | G50: =VLOOKUP(A50,[2]Sheet1!$A:$L,12,FALSE) -> 面料:100%棉 | H50: =MATCH(A50,[4]茵曼库存!$A:$A,0) -> 51
A51: 18518171 | B51: 外套 上衣 | C51: 299 | D51: 239 | E51: 0.2 | F51: 深牛仔蓝、牛仔蓝 | G51: 100%棉 | H51: =MATCH(A51,[4]茵曼库存!$A:$A,0) -> 52
A52: 18637117 | B52: 外套 上衣 | C52: 349 | D52: 249 | E52: 0.2 | F52: =VLOOKUP(A52,[2]Sheet1!$A:$G,7,FALSE) -> 浅牛仔 | G52: =VLOOKUP(A52,[2]Sheet1!$A:$L,12,FALSE) -> 面料:100%棉 | H52: =MATCH(A52,[4]茵曼库存!$A:$A,0) -> 53
A53: 18637123 | B53: 外套 上衣 | C53: 409 | D53: 259 | E53: 0.2 | F53: =VLOOKUP(A53,[2]Sheet1!$A:$G,7,FALSE) -> 棕色、藏青色、紫色 | G53: =VLOOKUP(A53,[2]Sheet1!$A:$L,12,FALSE) -> 面料：100%棉 里料： 100%聚酯纤维 | H53: =MATCH(A53,[4]茵曼库存!$A:$A,0) -> 54
A54: 18637280 | B54: 外套 上衣 | C54: 409 | D54: 299 | E54: 0.2 | F54: =VLOOKUP(A54,[2]Sheet1!$A:$G,7,FALSE) -> 粉红色 | G54: =VLOOKUP(A54,[2]Sheet1!$A:$L,12,FALSE) -> 面料：100%棉 | H54: =MATCH(A54,[4]茵曼库存!$A:$A,0) -> 55
A55: 18637090 | B55: 外套 上衣 | C55: 399 | D55: 299 | E55: 0.2 | F55: =VLOOKUP(A55,[2]Sheet1!$A:$G,7,FALSE) -> 深藏青 | G55: =VLOOKUP(A55,[2]Sheet1!$A:$L,12,FALSE) -> 面料：80.3%聚酯纤维 19.7%棉（贴布绣除外）里料：100%聚酯纤维 | H55: =MATCH(A55,[4]茵曼库存!$A:$A,0) -> 56
A56: 18637468 | B56: 外套 上衣 | C56: 399 | D56: 289 | E56: 0.2 | F56: =VLOOKUP(A56,[2]Sheet1!$A:$G,7,FALSE) -> 午夜黑、花白色 | G56: =VLOOKUP(A56,[2]Sheet1!$A:$L,12,FALSE) -> 面料：100%聚酯纤维（贴衬布除外） 里料：100%聚酯纤维 | H56: =MATCH(A56,[4]茵曼库存!$A:$A,0) -> 57
A57: 18438082 | B57: 外套 上衣 | C57: 459 | D57: 299 | E57: 0.2 | F57: =VLOOKUP(A57,[2]Sheet1!$A:$G,7,FALSE) -> 粉色、鹅黄色、浅粉色、电光蓝、杏色、浅卡其 | G57: =VLOOKUP(A57,[2]Sheet1!$A:$L,12,FALSE) -> 首单面料：100%聚酯纤维 里料：100%聚酯纤维 返单：面料：面层/底层：100%聚酯纤维 里料：100%聚酯纤维 | H57: =MATCH(A57,[4]茵曼库存!$A:$A,0) -> 58
A58: 18332179 | B58: 外套 上衣 | C58: 459 | D58: 299 | E58: 0.2 | F58: 浅驼色 | H58: =MATCH(A58,[4]茵曼库存!$A:$A,0) -> 59
A59: 18637470 | B59: 外套 上衣 | C59: 359 | D59: 249 | E59: 0.2 | F59: 浅牛仔 | G59: 面料:100%棉 | H59: =MATCH(A59,[4]茵曼库存!$A:$A,0) -> 60
A60: 18637254 | B60: 外套 上衣 | C60: 399 | D60: 299 | E60: 0.2 | F60: 深卡其 | G60: 面料：100%棉 | H60: =MATCH(A60,[4]茵曼库存!$A:$A,0) -> 61
A61: 18637359 | B61: 外套 上衣 | C61: 399 | D61: 289 | E61: 0.2 | F61: 灰白色 | G61: 毛绒面：96.0%聚酯纤维 4.0%氨纶 平纹面：100%聚酯纤维 | H61: =MATCH(A61,[4]茵曼库存!$A:$A,0) -> 62
A62: W18637065 | B62: 外套 上衣 | C62: 409 | D62: 337.65 | E62: 0.2 | F62: 苍蓝色 | G62: 面料：面层：82.3%聚酯纤维10.5%棉7.2%粘纤底层：100%聚酯纤维（胶除外）里料：100%聚酯纤维 | H62: =MATCH(A62,[4]茵曼库存!$A:$A,0) -> 63
A63: 18637241 | B63: 外套 上衣 | C63: 399 | D63: 289 | E63: 0.2 | F63: 深牛仔蓝 | G63: 面料：63.1%棉 25.2%聚酯纤维 11.7%莱赛尔（绣花除外） | H63: =MATCH(A63,[4]茵曼库存!$A:$A,0) -> 64
A64: 18637350 | B64: 外套 上衣 | C64: 409 | D64: 337.65 | E64: 0.2 | F64: 深牛仔蓝 | G64: 面料:100%棉 | H64: =MATCH(A64,[4]茵曼库存!$A:$A,0) -> 65
A65: 18637321 | B65: 外套 上衣 | C65: 419 | D65: 346.15 | E65: 0.2 | F65: 卡其色 | G65: 面料：88.2%聚酯纤维 11.8%氨纶 里料：100%聚酯纤维 | H65: =MATCH(A65,[4]茵曼库存!$A:$A,0) -> 66
A66: 18637126 | B66: 外套 上衣 | C66: 349 | D66: 259 | E66: 0.2 | F66: 草绿色、紫色、黄色 | G66: 面料：73.5%棉 26.5%锦纶 里料：100%聚酯纤维 | H66: =MATCH(A66,[4]茵曼库存!$A:$A,0) -> 67
A67: 18637277 | B67: 外套 上衣 | C67: 409 | D67: 337.65 | E67: 0.2 | F67: 苏木紫 | G67: 面料：100%棉 里料： 100%聚酯纤维 | H67: =MATCH(A67,[4]茵曼库存!$A:$A,0) -> 68
A68: 18637271 | B68: 外套 上衣 | C68: 409 | D68: 337.65 | E68: 0.2 | F68: 经典卡其 | G68: 面料：100%棉（绣花除外） 里料： 100%聚酯纤维 | H68: =MATCH(A68,[4]茵曼库存!$A:$A,0) -> 69
A69: Z18538288 | B69: 牛仔裤 | C69: 289 | D69: 189 | E69: 0.2 | F69: 雾霾蓝、烟雾蓝 | G69: 面料：100%棉 | H69: =MATCH(A69,[4]茵曼库存!$A:$A,0) -> 70
A70: Z18627742 | B70: 牛仔裤 | C70: 369 | D70: 219 | E70: 0.15 | F70: 子夜黑、晴空中蓝 | G70: 面料：100%莱赛尔 | H70: =MATCH(A70,[4]茵曼库存!$A:$A,0) -> 71
A71: Z18332455H1 | B71: 牛仔裤 | C71: 339 | D71: 199 | E71: 0.2 | F71: 浅蓝色、牛仔蓝、丹宁蓝、晴空蓝 | G71: 丹宁蓝面料：66.9%棉 28.8%聚酯纤维 2.9%粘纤 1.4%氨纶 晴空蓝 面料：72.7%棉 22.8%聚酯纤维 2.4%氨纶 2.1%粘纤 | H71: =MATCH(A71,[4]茵曼库存!$A:$A,0) -> 72
A72: Z18528694H1 | B72: 牛仔裤 | C72: 259 | D72: 189 | E72: 0.2 | F72: 晴空中蓝 | G72: 面料： 100%棉 | H72: =MATCH(A72,[4]茵曼库存!$A:$A,0) -> 73
A73: Z18425184 | B73: 牛仔裤 | C73: 239 | D73: 199 | E73: 0.2 | F73: 单色 | G73: 面料：56.3%棉 43.7%莱赛尔 | H73: =MATCH(A73,[4]茵曼库存!$A:$A,0) -> 74
A74: Z18618656 | B74: 牛仔裤 | C74: 369 | D74: 199 | E74: 0.2 | F74: 星空蓝 | G74: 面料：99.4%棉 0.6%氨纶 | H74: =MATCH(A74,[4]茵曼库存!$A:$A,0) -> 75
A75: Z18618807 | B75: 牛仔裤 | C75: 329 | D75: 199 | E75: 0.2 | F75: 鹭白色 | G75: 面料：78.6%棉 18.2%聚酯纤维 3.2%氨纶 | H75: =MATCH(A75,[4]茵曼库存!$A:$A,0) -> 76
A76: 18538162 | B76: 牛仔裤 | C76: 329 | D76: 229 | E76: 0.2 | F76: 单色 | G76: 面料：64.7%棉24.4%聚酯纤维10.9%莱赛尔 | H76: =MATCH(A76,[4]茵曼库存!$A:$A,0) -> 77
A77: 18637753 | B77: 牛仔裤 | C77: 299 | D77: 199 | E77: 0.2 | F77: =VLOOKUP(A77,[2]Sheet1!$A:$G,7,FALSE) -> 牛仔蓝、珍珠白 | G77: =VLOOKUP(A77,[2]Sheet1!$A:$L,12,FALSE) -> 珍珠白 面料:70.0%棉 30.0%莱赛尔 牛仔蓝 面料：100%棉 | H77: =MATCH(A77,[4]茵曼库存!$A:$A,0) -> 78
A78: 18637311 | B78: 牛仔裤 | C78: 329 | D78: 239 | E78: 0.2 | F78: =VLOOKUP(A78,[2]Sheet1!$A:$G,7,FALSE) -> 牛仔蓝 | G78: =VLOOKUP(A78,[2]Sheet1!$A:$L,12,FALSE) -> 面料:100%棉 | H78: =MATCH(A78,[4]茵曼库存!$A:$A,0) -> 79
A79: 18637658 | B79: 牛仔裤 | C79: 299 | D79: 229 | E79: 0.2 | F79: =VLOOKUP(A79,[2]Sheet1!$A:$G,7,FALSE) -> 牛仔蓝 | G79: =VLOOKUP(A79,[2]Sheet1!$A:$L,12,FALSE) -> 面料:100%棉 | H79: =MATCH(A79,[4]茵曼库存!$A:$A,0) -> 80
A80: W18518060 | B80: 连衣裙 | C80: 339 | D80: 199 | E80: 0.2 | F80: 蓝色 | G80: 面料：84.7%粘纤 15.3%锦纶 里料：100%聚酯纤维 | H80: =MATCH(A80,[4]茵曼库存!$A:$A,0) -> 81
A81: 18625668 | B81: 连衣裙 | C81: 672.5 | D81: 279 | E81: 0.2 | F81: 鹅黄色、水蓝色 | G81: 98%棉2%氨纶 | H81: =MATCH(A81,[4]茵曼库存!$A:$A,0) -> 82
A82: W18625611 | B82: 连衣裙 | C82: 469 | D82: 189 | E82: 0.1 | F82: 蓝色 | G82: 面料：53.2%苎麻 46.8%莱赛尔 里料：100%聚酯纤维 | H82: =MATCH(A82,[4]茵曼库存!$A:$A,0) -> 83
A83: W18625244 | B83: 连衣裙 | C83: 772.5 | D83: 299 | E83: 0.2 | F83: 米杏色 | G83: 面料：100%棉 里料：100%聚酯纤维 | H83: =MATCH(A83,[4]茵曼库存!$A:$A,0) -> 84
A84: W18525387 | B84: 连衣裙 | C84: 399 | D84: 169 | E84: 0.1 | F84: 云朵白 | H84: =MATCH(A84,[4]茵曼库存!$A:$A,0) -> 85
A85: D18628804 | B85: 连衣裙 | C85: 219 | D85: 199 | E85: 0.2 | F85: 白色、蓝色、粉色 | G85: 面料： 100%棉 （涂料除外）里料：100%聚酯纤维 | H85: =MATCH(A85,[4]茵曼库存!$A:$A,0) -> 86
A86: D18628886 | B86: 连衣裙 | C86: 259 | D86: 239 | E86: 0.2 | F86: 蓝色、黑色 | G86: 上节：47.3%粘纤44.3%棉8.4%氨纶 下节：100%棉 | H86: =MATCH(A86,[4]茵曼库存!$A:$A,0) -> 87
A87: D18628706 | B87: 连衣裙 | C87: 209 | D87: 189 | E87: 0.2 | F87: 浅蓝格 | G87: 面料：100%棉 | H87: =MATCH(A87,[4]茵曼库存!$A:$A,0) -> 88
A88: W18627148 | B88: 连衣裙 | C88: 822.5 | D88: 329 | E88: 0.2 | F88: 克莱因蓝 | G88: 面料：底布：100%棉 绣线：100%聚酯纤维 里料：100%聚酯纤维 | H88: =MATCH(A88,[4]茵曼库存!$A:$A,0) -> 89
A89: W18618339 | B89: 连衣裙 | C89: 319 | D89: 279 | E89: 0.2 | F89: 单色 | G89: 面料：77.8%粘纤 22.2%锦纶 里料：100%聚酯纤维 | H89: =MATCH(A89,[4]茵曼库存!$A:$A,0) -> 90
A90: W18618299 | B90: 连衣裙 | C90: 448.65 | D90: 299 | E90: 0.2 | F90: 单色 | G90: 面料：82.0%棉 18.0%麻纤维 里料：100%棉 | H90: =MATCH(A90,[4]茵曼库存!$A:$A,0) -> 91
A91: D18628724 | B91: 连衣裙 | C91: 249 | D91: 219 | E91: 0.2 | F91: 蓝色、杏色 | G91: 面料：51.2%棉48.8%再生纤维素纤维(涂料除外) 里料：100%聚酯纤维 | H91: =MATCH(A91,[4]茵曼库存!$A:$A,0) -> 92
A92: 18525625 | B92: 连衣裙 | C92: 399 | D92: 199 | E92: 0.15 | F92: 藏青 | G92: 面料：100%棉 上节前幅里：100%聚酯纤维 藏青蓝面料：63.1%棉 36.9%聚酯纤维 上节前幅里：100%聚酯纤维 | H92: =MATCH(A92,[4]茵曼库存!$A:$A,0) -> 93
A93: D18628484 | B93: 连衣裙 | C93: 219 | D93: 199 | E93: 0.2 | F93: 杏色 | G93: 面料：底布：69.3%莱赛尔 30.7%锦纶 绣花线：棉/聚酯纤维 里料：100%聚酯纤维 | H93: =MATCH(A93,[4]茵曼库存!$A:$A,0) -> 94
A94: D18628893 | B94: 连衣裙 | C94: 209 | D94: 189 | E94: 0.2 | F94: 浅杏色 | H94: =MATCH(A94,[4]茵曼库存!$A:$A,0) -> 95
A95: 18518151 | B95: 连衣裙 | C95: 399 | D95: 279 | E95: 0.2 | F95: 浅黄色 | G95: 98.5%棉 1.5%氨纶 | H95: =MATCH(A95,[4]茵曼库存!$A:$A,0) -> 96
A96: F18528168 | B96: 连衣裙 | C96: 447.5 | D96: 179 | E96: 0.2 | F96: 鹅黄色珍珠粉星石黑海盐蓝 | H96: =MATCH(A96,[4]茵曼库存!$A:$A,0) -> 97
A97: D18628710 | B97: 连衣裙 | C97: 229 | D97: 209 | E97: 0.2 | F97: 蓝底咖花 | G97: 面料：100%棉 里料： 100%聚酯纤维 | H97: =MATCH(A97,[4]茵曼库存!$A:$A,0) -> 98
A98: D18628760 | B98: 连衣裙 | C98: 209 | D98: 189 | E98: 0.2 | F98: 浅黄色 | G98: 面料/里料：100%聚酯纤维 | H98: =MATCH(A98,[4]茵曼库存!$A:$A,0) -> 99
A99: W18625113 | B99: 连衣裙 | C99: 509 | D99: 339 | E99: 0.2 | F99: 繁花 | G99: 面料：底布：100%聚酯纤维 绣线：100%棉 里料：100%聚酯纤维 | H99: =MATCH(A99,[4]茵曼库存!$A:$A,0) -> 100
A100: F18627612 | B100: 短袖衬衣 | C100: 239 | D100: 129 | E100: 0.2 | F100: 浅紫色、藏青色、浅粉色、月牙白 | G100: 面料：100%棉 | H100: =MATCH(A100,[4]茵曼库存!$A:$A,0) -> 101
...
